Statistics,alcohol,chlorides,citric acid,density,fixed acidity,free sulfur dioxide,pH,residual sugar,sulphates,total sulfur dioxide,volatile acidity
count,400.0,400.0,400.0,400.0,400.0,400.0,400.0,400.0,400.0,400.0,400.0
mean,10.115250000000001,0.09581999999999999,0.29600000000000004,0.9973571250000001,8.6345,14.79375,3.2955499999999995,2.4965,0.6933,50.6775,0.538875
std,1.0050461341797072,0.06441172078462187,0.2186687908693205,0.001721209426274951,1.8874894147323893,9.736533579918584,0.15803047674087223,1.2791465082130677,0.21398852240084804,33.396433915099585,0.18244986780113498
min,9.0,0.039,0.0,0.9912,4.6,3.0,2.74,1.2,0.33,8.0,0.18
25%,9.4,0.073,0.0975,0.9964,7.3,7.0,3.18,1.9,0.56,24.0,0.3975
50%,9.8,0.082,0.26,0.99715,8.1,12.0,3.29,2.2,0.635,42.0,0.54
75%,10.5,0.095,0.48,0.9984,9.8,19.0,3.39,2.6,0.77,65.0,0.65
max,14.0,0.611,1.0,1.0032,15.6,68.0,3.9,15.5,2.0,165.0,1.33
